Vehicle_Age,Claim_Amount (USD),Number_of_Claims
0.0,18005.103,31
1.0,17142.629090909093,37
2.0,16904.983333333334,28
3.0,19805.260625,46
4.0,24585.248333333333,33
5.0,15784.680624999999,32
6.0,10958.51769230769,50
7.0,20474.510625,40
8.0,27394.818888888887,28
9.0,14205.03294117647,41
10.0,20295.978666666666,29
11.0,19300.790714285715,34
12.0,25498.274545454547,21
13.0,18561.003333333334,31
14.0,16952.75375,48
15.0,15058.0625,26
