Policy_Type,Premium_Amount (USD),Claim_Amount (USD),Number_of_Claims,Approved,Denied,Pending
Auto,2480.036698113208,18508.670943396228,555,32.54716981132076,34.90566037735849,32.54716981132076
Health,2789.1066502463054,17219.475960591135,547,30.049261083743843,36.45320197044335,33.497536945812804
Home,2613.590198019802,16247.863168316831,493,38.11881188118812,28.71287128712871,33.16831683168317
Life,2591.0716759776537,19041.083016759774,477,37.43016759776536,32.402234636871505,30.16759776536313
Travel,2651.323774509804,16184.687794117648,516,34.80392156862745,33.82352941176471,31.372549019607842
